cfg_id,day,ok,ipr_pnl,total_pnl,cfg_json,maker_mode,make_offset,min_take_edge,make_portion,soft_cap,skew_strength,bid_frac,ask_frac,pressure_mode,quote_bias_ticks,size_haircut,spread_threshold,position_target,long_take_edge
1,-1,True,13533.0,13533.0,"{""ask_frac"": 0.3, ""bid_frac"": 0.7, ""long_take_edge"": null, ""make_offset"": -1, ""make_portion"": 0.9, ""maker_mode"": ""improve_1"", ""min_take_edge"": 1, ""position_target"": 0, ""pressure_mode"": ""long_bias"", ""quote_bias_ticks"": 0, ""size_haircut"": 1.0, ""skew_strength"": 0, ""soft_cap"": 75, ""spread_threshold"": 3}",improve_1,-1,1,0.9,75,0,0.7,0.3,long_bias,0,1.0,3,0,
0,0,True,21585.0,21585.0,"{""ask_frac"": 0.3, ""bid_frac"": 0.7, ""long_take_edge"": null, ""make_offset"": 0, ""make_portion"": 0.9, ""maker_mode"": ""improve_1"", ""min_take_edge"": 1, ""position_target"": 0, ""pressure_mode"": ""long_bias"", ""quote_bias_ticks"": 0, ""size_haircut"": 1.0, ""skew_strength"": 0, ""soft_cap"": 75, ""spread_threshold"": 3}",improve_1,0,1,0.9,75,0,0.7,0.3,long_bias,0,1.0,3,0,
0,-1,True,38135.0,38135.0,"{""ask_frac"": 0.3, ""bid_frac"": 0.7, ""long_take_edge"": null, ""make_offset"": 0, ""make_portion"": 0.9, ""maker_mode"": ""improve_1"", ""min_take_edge"": 1, ""position_target"": 0, ""pressure_mode"": ""long_bias"", ""quote_bias_ticks"": 0, ""size_haircut"": 1.0, ""skew_strength"": 0, ""soft_cap"": 75, ""spread_threshold"": 3}",improve_1,0,1,0.9,75,0,0.7,0.3,long_bias,0,1.0,3,0,
1,0,True,12812.0,12812.0,"{""ask_frac"": 0.3, ""bid_frac"": 0.7, ""long_take_edge"": null, ""make_offset"": -1, ""make_portion"": 0.9, ""maker_mode"": ""improve_1"", ""min_take_edge"": 1, ""position_target"": 0, ""pressure_mode"": ""long_bias"", ""quote_bias_ticks"": 0, ""size_haircut"": 1.0, ""skew_strength"": 0, ""soft_cap"": 75, ""spread_threshold"": 3}",improve_1,-1,1,0.9,75,0,0.7,0.3,long_bias,0,1.0,3,0,
1,-2,True,28957.0,28957.0,"{""ask_frac"": 0.3, ""bid_frac"": 0.7, ""long_take_edge"": null, ""make_offset"": -1, ""make_portion"": 0.9, ""maker_mode"": ""improve_1"", ""min_take_edge"": 1, ""position_target"": 0, ""pressure_mode"": ""long_bias"", ""quote_bias_ticks"": 0, ""size_haircut"": 1.0, ""skew_strength"": 0, ""soft_cap"": 75, ""spread_threshold"": 3}",improve_1,-1,1,0.9,75,0,0.7,0.3,long_bias,0,1.0,3,0,
0,-2,True,31748.0,31748.0,"{""ask_frac"": 0.3, ""bid_frac"": 0.7, ""long_take_edge"": null, ""make_offset"": 0, ""make_portion"": 0.9, ""maker_mode"": ""improve_1"", ""min_take_edge"": 1, ""position_target"": 0, ""pressure_mode"": ""long_bias"", ""quote_bias_ticks"": 0, ""size_haircut"": 1.0, ""skew_strength"": 0, ""soft_cap"": 75, ""spread_threshold"": 3}",improve_1,0,1,0.9,75,0,0.7,0.3,long_bias,0,1.0,3,0,
2,-2,True,30504.0,30504.0,"{""ask_frac"": 0.3, ""bid_frac"": 0.7, ""long_take_edge"": null, ""make_offset"": 1, ""make_portion"": 0.9, ""maker_mode"": ""improve_1"", ""min_take_edge"": 1, ""position_target"": 0, ""pressure_mode"": ""long_bias"", ""quote_bias_ticks"": 0, ""size_haircut"": 1.0, ""skew_strength"": 0, ""soft_cap"": 75, ""spread_threshold"": 3}",improve_1,1,1,0.9,75,0,0.7,0.3,long_bias,0,1.0,3,0,
3,-2,True,53164.0,53164.0,"{""ask_frac"": 0.3, ""bid_frac"": 0.7, ""long_take_edge"": null, ""make_offset"": 2, ""make_portion"": 0.9, ""maker_mode"": ""improve_1"", ""min_take_edge"": 1, ""position_target"": 0, ""pressure_mode"": ""long_bias"", ""quote_bias_ticks"": 0, ""size_haircut"": 1.0, ""skew_strength"": 0, ""soft_cap"": 75, ""spread_threshold"": 3}",improve_1,2,1,0.9,75,0,0.7,0.3,long_bias,0,1.0,3,0,
3,0,True,30870.0,30870.0,"{""ask_frac"": 0.3, ""bid_frac"": 0.7, ""long_take_edge"": null, ""make_offset"": 2, ""make_portion"": 0.9, ""maker_mode"": ""improve_1"", ""min_take_edge"": 1, ""position_target"": 0, ""pressure_mode"": ""long_bias"", ""quote_bias_ticks"": 0, ""size_haircut"": 1.0, ""skew_strength"": 0, ""soft_cap"": 75, ""spread_threshold"": 3}",improve_1,2,1,0.9,75,0,0.7,0.3,long_bias,0,1.0,3,0,
2,-1,True,36939.0,36939.0,"{""ask_frac"": 0.3, ""bid_frac"": 0.7, ""long_take_edge"": null, ""make_offset"": 1, ""make_portion"": 0.9, ""maker_mode"": ""improve_1"", ""min_take_edge"": 1, ""position_target"": 0, ""pressure_mode"": ""long_bias"", ""quote_bias_ticks"": 0, ""size_haircut"": 1.0, ""skew_strength"": 0, ""soft_cap"": 75, ""spread_threshold"": 3}",improve_1,1,1,0.9,75,0,0.7,0.3,long_bias,0,1.0,3,0,
2,0,True,20508.0,20508.0,"{""ask_frac"": 0.3, ""bid_frac"": 0.7, ""long_take_edge"": null, ""make_offset"": 1, ""make_portion"": 0.9, ""maker_mode"": ""improve_1"", ""min_take_edge"": 1, ""position_target"": 0, ""pressure_mode"": ""long_bias"", ""quote_bias_ticks"": 0, ""size_haircut"": 1.0, ""skew_strength"": 0, ""soft_cap"": 75, ""spread_threshold"": 3}",improve_1,1,1,0.9,75,0,0.7,0.3,long_bias,0,1.0,3,0,
3,-1,True,40606.0,40606.0,"{""ask_frac"": 0.3, ""bid_frac"": 0.7, ""long_take_edge"": null, ""make_offset"": 2, ""make_portion"": 0.9, ""maker_mode"": ""improve_1"", ""min_take_edge"": 1, ""position_target"": 0, ""pressure_mode"": ""long_bias"", ""quote_bias_ticks"": 0, ""size_haircut"": 1.0, ""skew_strength"": 0, ""soft_cap"": 75, ""spread_threshold"": 3}",improve_1,2,1,0.9,75,0,0.7,0.3,long_bias,0,1.0,3,0,
5,-2,True,-35944.0,-35944.0,"{""ask_frac"": 0.3, ""bid_frac"": 0.7, ""long_take_edge"": null, ""make_offset"": 0, ""make_portion"": 0.9, ""maker_mode"": ""improve_1"", ""min_take_edge"": 1, ""position_target"": 0, ""pressure_mode"": ""long_bias"", ""quote_bias_ticks"": -1, ""size_haircut"": 1.0, ""skew_strength"": 0, ""soft_cap"": 75, ""spread_threshold"": 3}",improve_1,0,1,0.9,75,0,0.7,0.3,long_bias,-1,1.0,3,0,
4,-2,True,49018.0,49018.0,"{""ask_frac"": 0.3, ""bid_frac"": 0.7, ""long_take_edge"": null, ""make_offset"": 3, ""make_portion"": 0.9, ""maker_mode"": ""improve_1"", ""min_take_edge"": 1, ""position_target"": 0, ""pressure_mode"": ""long_bias"", ""quote_bias_ticks"": 0, ""size_haircut"": 1.0, ""skew_strength"": 0, ""soft_cap"": 75, ""spread_threshold"": 3}",improve_1,3,1,0.9,75,0,0.7,0.3,long_bias,0,1.0,3,0,
4,0,True,43324.0,43324.0,"{""ask_frac"": 0.3, ""bid_frac"": 0.7, ""long_take_edge"": null, ""make_offset"": 3, ""make_portion"": 0.9, ""maker_mode"": ""improve_1"", ""min_take_edge"": 1, ""position_target"": 0, ""pressure_mode"": ""long_bias"", ""quote_bias_ticks"": 0, ""size_haircut"": 1.0, ""skew_strength"": 0, ""soft_cap"": 75, ""spread_threshold"": 3}",improve_1,3,1,0.9,75,0,0.7,0.3,long_bias,0,1.0,3,0,
5,-1,True,-36037.0,-36037.0,"{""ask_frac"": 0.3, ""bid_frac"": 0.7, ""long_take_edge"": null, ""make_offset"": 0, ""make_portion"": 0.9, ""maker_mode"": ""improve_1"", ""min_take_edge"": 1, ""position_target"": 0, ""pressure_mode"": ""long_bias"", ""quote_bias_ticks"": -1, ""size_haircut"": 1.0, ""skew_strength"": 0, ""soft_cap"": 75, ""spread_threshold"": 3}",improve_1,0,1,0.9,75,0,0.7,0.3,long_bias,-1,1.0,3,0,
5,0,True,-35625.0,-35625.0,"{""ask_frac"": 0.3, ""bid_frac"": 0.7, ""long_take_edge"": null, ""make_offset"": 0, ""make_portion"": 0.9, ""maker_mode"": ""improve_1"", ""min_take_edge"": 1, ""position_target"": 0, ""pressure_mode"": ""long_bias"", ""quote_bias_ticks"": -1, ""size_haircut"": 1.0, ""skew_strength"": 0, ""soft_cap"": 75, ""spread_threshold"": 3}",improve_1,0,1,0.9,75,0,0.7,0.3,long_bias,-1,1.0,3,0,
4,-1,True,41837.0,41837.0,"{""ask_frac"": 0.3, ""bid_frac"": 0.7, ""long_take_edge"": null, ""make_offset"": 3, ""make_portion"": 0.9, ""maker_mode"": ""improve_1"", ""min_take_edge"": 1, ""position_target"": 0, ""pressure_mode"": ""long_bias"", ""quote_bias_ticks"": 0, ""size_haircut"": 1.0, ""skew_strength"": 0, ""soft_cap"": 75, ""spread_threshold"": 3}",improve_1,3,1,0.9,75,0,0.7,0.3,long_bias,0,1.0,3,0,
7,-2,True,73844.0,73844.0,"{""ask_frac"": 0.3, ""bid_frac"": 0.7, ""long_take_edge"": null, ""make_offset"": 0, ""make_portion"": 0.9, ""maker_mode"": ""improve_1"", ""min_take_edge"": 1, ""position_target"": 0, ""pressure_mode"": ""long_bias"", ""quote_bias_ticks"": 2, ""size_haircut"": 1.0, ""skew_strength"": 0, ""soft_cap"": 75, ""spread_threshold"": 3}",improve_1,0,1,0.9,75,0,0.7,0.3,long_bias,2,1.0,3,0,
6,-1,True,69334.0,69334.0,"{""ask_frac"": 0.3, ""bid_frac"": 0.7, ""long_take_edge"": null, ""make_offset"": 0, ""make_portion"": 0.9, ""maker_mode"": ""improve_1"", ""min_take_edge"": 1, ""position_target"": 0, ""pressure_mode"": ""long_bias"", ""quote_bias_ticks"": 1, ""size_haircut"": 1.0, ""skew_strength"": 0, ""soft_cap"": 75, ""spread_threshold"": 3}",improve_1,0,1,0.9,75,0,0.7,0.3,long_bias,1,1.0,3,0,
7,-1,True,71912.0,71912.0,"{""ask_frac"": 0.3, ""bid_frac"": 0.7, ""long_take_edge"": null, ""make_offset"": 0, ""make_portion"": 0.9, ""maker_mode"": ""improve_1"", ""min_take_edge"": 1, ""position_target"": 0, ""pressure_mode"": ""long_bias"", ""quote_bias_ticks"": 2, ""size_haircut"": 1.0, ""skew_strength"": 0, ""soft_cap"": 75, ""spread_threshold"": 3}",improve_1,0,1,0.9,75,0,0.7,0.3,long_bias,2,1.0,3,0,
6,-2,True,72090.0,72090.0,"{""ask_frac"": 0.3, ""bid_frac"": 0.7, ""long_take_edge"": null, ""make_offset"": 0, ""make_portion"": 0.9, ""maker_mode"": ""improve_1"", ""min_take_edge"": 1, ""position_target"": 0, ""pressure_mode"": ""long_bias"", ""quote_bias_ticks"": 1, ""size_haircut"": 1.0, ""skew_strength"": 0, ""soft_cap"": 75, ""spread_threshold"": 3}",improve_1,0,1,0.9,75,0,0.7,0.3,long_bias,1,1.0,3,0,
6,0,True,67247.0,67247.0,"{""ask_frac"": 0.3, ""bid_frac"": 0.7, ""long_take_edge"": null, ""make_offset"": 0, ""make_portion"": 0.9, ""maker_mode"": ""improve_1"", ""min_take_edge"": 1, ""position_target"": 0, ""pressure_mode"": ""long_bias"", ""quote_bias_ticks"": 1, ""size_haircut"": 1.0, ""skew_strength"": 0, ""soft_cap"": 75, ""spread_threshold"": 3}",improve_1,0,1,0.9,75,0,0.7,0.3,long_bias,1,1.0,3,0,
7,0,True,74859.0,74859.0,"{""ask_frac"": 0.3, ""bid_frac"": 0.7, ""long_take_edge"": null, ""make_offset"": 0, ""make_portion"": 0.9, ""maker_mode"": ""improve_1"", ""min_take_edge"": 1, ""position_target"": 0, ""pressure_mode"": ""long_bias"", ""quote_bias_ticks"": 2, ""size_haircut"": 1.0, ""skew_strength"": 0, ""soft_cap"": 75, ""spread_threshold"": 3}",improve_1,0,1,0.9,75,0,0.7,0.3,long_bias,2,1.0,3,0,
8,-2,True,73862.0,73862.0,"{""ask_frac"": 0.3, ""bid_frac"": 0.7, ""long_take_edge"": null, ""make_offset"": 0, ""make_portion"": 0.9, ""maker_mode"": ""improve_1"", ""min_take_edge"": 1, ""position_target"": 0, ""pressure_mode"": ""long_bias"", ""quote_bias_ticks"": 3, ""size_haircut"": 1.0, ""skew_strength"": 0, ""soft_cap"": 75, ""spread_threshold"": 3}",improve_1,0,1,0.9,75,0,0.7,0.3,long_bias,3,1.0,3,0,
9,-2,True,31748.0,31748.0,"{""ask_frac"": 0.5, ""bid_frac"": 0.5, ""long_take_edge"": null, ""make_offset"": 0, ""make_portion"": 0.9, ""maker_mode"": ""improve_1"", ""min_take_edge"": 1, ""position_target"": 0, ""pressure_mode"": ""long_bias"", ""quote_bias_ticks"": 0, ""size_haircut"": 1.0, ""skew_strength"": 0, ""soft_cap"": 75, ""spread_threshold"": 3}",improve_1,0,1,0.9,75,0,0.5,0.5,long_bias,0,1.0,3,0,
9,0,True,21578.0,21578.0,"{""ask_frac"": 0.5, ""bid_frac"": 0.5, ""long_take_edge"": null, ""make_offset"": 0, ""make_portion"": 0.9, ""maker_mode"": ""improve_1"", ""min_take_edge"": 1, ""position_target"": 0, ""pressure_mode"": ""long_bias"", ""quote_bias_ticks"": 0, ""size_haircut"": 1.0, ""skew_strength"": 0, ""soft_cap"": 75, ""spread_threshold"": 3}",improve_1,0,1,0.9,75,0,0.5,0.5,long_bias,0,1.0,3,0,
9,-1,True,38014.0,38014.0,"{""ask_frac"": 0.5, ""bid_frac"": 0.5, ""long_take_edge"": null, ""make_offset"": 0, ""make_portion"": 0.9, ""maker_mode"": ""improve_1"", ""min_take_edge"": 1, ""position_target"": 0, ""pressure_mode"": ""long_bias"", ""quote_bias_ticks"": 0, ""size_haircut"": 1.0, ""skew_strength"": 0, ""soft_cap"": 75, ""spread_threshold"": 3}",improve_1,0,1,0.9,75,0,0.5,0.5,long_bias,0,1.0,3,0,
8,0,True,75356.0,75356.0,"{""ask_frac"": 0.3, ""bid_frac"": 0.7, ""long_take_edge"": null, ""make_offset"": 0, ""make_portion"": 0.9, ""maker_mode"": ""improve_1"", ""min_take_edge"": 1, ""position_target"": 0, ""pressure_mode"": ""long_bias"", ""quote_bias_ticks"": 3, ""size_haircut"": 1.0, ""skew_strength"": 0, ""soft_cap"": 75, ""spread_threshold"": 3}",improve_1,0,1,0.9,75,0,0.7,0.3,long_bias,3,1.0,3,0,
8,-1,True,72760.0,72760.0,"{""ask_frac"": 0.3, ""bid_frac"": 0.7, ""long_take_edge"": null, ""make_offset"": 0, ""make_portion"": 0.9, ""maker_mode"": ""improve_1"", ""min_take_edge"": 1, ""position_target"": 0, ""pressure_mode"": ""long_bias"", ""quote_bias_ticks"": 3, ""size_haircut"": 1.0, ""skew_strength"": 0, ""soft_cap"": 75, ""spread_threshold"": 3}",improve_1,0,1,0.9,75,0,0.7,0.3,long_bias,3,1.0,3,0,
11,0,True,21585.0,21585.0,"{""ask_frac"": 0.2, ""bid_frac"": 0.8, ""long_take_edge"": null, ""make_offset"": 0, ""make_portion"": 0.9, ""maker_mode"": ""improve_1"", ""min_take_edge"": 1, ""position_target"": 0, ""pressure_mode"": ""long_bias"", ""quote_bias_ticks"": 0, ""size_haircut"": 1.0, ""skew_strength"": 0, ""soft_cap"": 75, ""spread_threshold"": 3}",improve_1,0,1,0.9,75,0,0.8,0.2,long_bias,0,1.0,3,0,
10,-1,True,38135.0,38135.0,"{""ask_frac"": 0.4, ""bid_frac"": 0.6, ""long_take_edge"": null, ""make_offset"": 0, ""make_portion"": 0.9, ""maker_mode"": ""improve_1"", ""min_take_edge"": 1, ""position_target"": 0, ""pressure_mode"": ""long_bias"", ""quote_bias_ticks"": 0, ""size_haircut"": 1.0, ""skew_strength"": 0, ""soft_cap"": 75, ""spread_threshold"": 3}",improve_1,0,1,0.9,75,0,0.6,0.4,long_bias,0,1.0,3,0,
11,-1,True,38135.0,38135.0,"{""ask_frac"": 0.2, ""bid_frac"": 0.8, ""long_take_edge"": null, ""make_offset"": 0, ""make_portion"": 0.9, ""maker_mode"": ""improve_1"", ""min_take_edge"": 1, ""position_target"": 0, ""pressure_mode"": ""long_bias"", ""quote_bias_ticks"": 0, ""size_haircut"": 1.0, ""skew_strength"": 0, ""soft_cap"": 75, ""spread_threshold"": 3}",improve_1,0,1,0.9,75,0,0.8,0.2,long_bias,0,1.0,3,0,
10,0,True,21585.0,21585.0,"{""ask_frac"": 0.4, ""bid_frac"": 0.6, ""long_take_edge"": null, ""make_offset"": 0, ""make_portion"": 0.9, ""maker_mode"": ""improve_1"", ""min_take_edge"": 1, ""position_target"": 0, ""pressure_mode"": ""long_bias"", ""quote_bias_ticks"": 0, ""size_haircut"": 1.0, ""skew_strength"": 0, ""soft_cap"": 75, ""spread_threshold"": 3}",improve_1,0,1,0.9,75,0,0.6,0.4,long_bias,0,1.0,3,0,
11,-2,True,31748.0,31748.0,"{""ask_frac"": 0.2, ""bid_frac"": 0.8, ""long_take_edge"": null, ""make_offset"": 0, ""make_portion"": 0.9, ""maker_mode"": ""improve_1"", ""min_take_edge"": 1, ""position_target"": 0, ""pressure_mode"": ""long_bias"", ""quote_bias_ticks"": 0, ""size_haircut"": 1.0, ""skew_strength"": 0, ""soft_cap"": 75, ""spread_threshold"": 3}",improve_1,0,1,0.9,75,0,0.8,0.2,long_bias,0,1.0,3,0,
10,-2,True,31748.0,31748.0,"{""ask_frac"": 0.4, ""bid_frac"": 0.6, ""long_take_edge"": null, ""make_offset"": 0, ""make_portion"": 0.9, ""maker_mode"": ""improve_1"", ""min_take_edge"": 1, ""position_target"": 0, ""pressure_mode"": ""long_bias"", ""quote_bias_ticks"": 0, ""size_haircut"": 1.0, ""skew_strength"": 0, ""soft_cap"": 75, ""spread_threshold"": 3}",improve_1,0,1,0.9,75,0,0.6,0.4,long_bias,0,1.0,3,0,
12,0,True,21616.0,21616.0,"{""ask_frac"": 0.1, ""bid_frac"": 0.9, ""long_take_edge"": null, ""make_offset"": 0, ""make_portion"": 0.9, ""maker_mode"": ""improve_1"", ""min_take_edge"": 1, ""position_target"": 0, ""pressure_mode"": ""long_bias"", ""quote_bias_ticks"": 0, ""size_haircut"": 1.0, ""skew_strength"": 0, ""soft_cap"": 75, ""spread_threshold"": 3}",improve_1,0,1,0.9,75,0,0.9,0.1,long_bias,0,1.0,3,0,
12,-2,True,31748.0,31748.0,"{""ask_frac"": 0.1, ""bid_frac"": 0.9, ""long_take_edge"": null, ""make_offset"": 0, ""make_portion"": 0.9, ""maker_mode"": ""improve_1"", ""min_take_edge"": 1, ""position_target"": 0, ""pressure_mode"": ""long_bias"", ""quote_bias_ticks"": 0, ""size_haircut"": 1.0, ""skew_strength"": 0, ""soft_cap"": 75, ""spread_threshold"": 3}",improve_1,0,1,0.9,75,0,0.9,0.1,long_bias,0,1.0,3,0,
13,0,True,16808.0,16808.0,"{""ask_frac"": 0.3, ""bid_frac"": 0.7, ""long_take_edge"": null, ""make_offset"": 0, ""make_portion"": 0.9, ""maker_mode"": ""improve_1"", ""min_take_edge"": 1, ""position_target"": 0, ""pressure_mode"": ""long_bias"", ""quote_bias_ticks"": 0, ""size_haircut"": 1.0, ""skew_strength"": 1, ""soft_cap"": 75, ""spread_threshold"": 3}",improve_1,0,1,0.9,75,1,0.7,0.3,long_bias,0,1.0,3,0,
13,-2,True,9836.0,9836.0,"{""ask_frac"": 0.3, ""bid_frac"": 0.7, ""long_take_edge"": null, ""make_offset"": 0, ""make_portion"": 0.9, ""maker_mode"": ""improve_1"", ""min_take_edge"": 1, ""position_target"": 0, ""pressure_mode"": ""long_bias"", ""quote_bias_ticks"": 0, ""size_haircut"": 1.0, ""skew_strength"": 1, ""soft_cap"": 75, ""spread_threshold"": 3}",improve_1,0,1,0.9,75,1,0.7,0.3,long_bias,0,1.0,3,0,
12,-1,True,38135.0,38135.0,"{""ask_frac"": 0.1, ""bid_frac"": 0.9, ""long_take_edge"": null, ""make_offset"": 0, ""make_portion"": 0.9, ""maker_mode"": ""improve_1"", ""min_take_edge"": 1, ""position_target"": 0, ""pressure_mode"": ""long_bias"", ""quote_bias_ticks"": 0, ""size_haircut"": 1.0, ""skew_strength"": 0, ""soft_cap"": 75, ""spread_threshold"": 3}",improve_1,0,1,0.9,75,0,0.9,0.1,long_bias,0,1.0,3,0,
13,-1,True,13061.0,13061.0,"{""ask_frac"": 0.3, ""bid_frac"": 0.7, ""long_take_edge"": null, ""make_offset"": 0, ""make_portion"": 0.9, ""maker_mode"": ""improve_1"", ""min_take_edge"": 1, ""position_target"": 0, ""pressure_mode"": ""long_bias"", ""quote_bias_ticks"": 0, ""size_haircut"": 1.0, ""skew_strength"": 1, ""soft_cap"": 75, ""spread_threshold"": 3}",improve_1,0,1,0.9,75,1,0.7,0.3,long_bias,0,1.0,3,0,
15,-2,True,31748.0,31748.0,"{""ask_frac"": 0.3, ""bid_frac"": 0.7, ""long_take_edge"": null, ""make_offset"": 0, ""make_portion"": 0.9, ""maker_mode"": ""improve_1"", ""min_take_edge"": 1, ""position_target"": 0, ""pressure_mode"": ""long_bias"", ""quote_bias_ticks"": 0, ""size_haircut"": 1.0, ""skew_strength"": 0, ""soft_cap"": 45, ""spread_threshold"": 3}",improve_1,0,1,0.9,45,0,0.7,0.3,long_bias,0,1.0,3,0,
14,-1,True,12259.0,12259.0,"{""ask_frac"": 0.3, ""bid_frac"": 0.7, ""long_take_edge"": null, ""make_offset"": 0, ""make_portion"": 0.9, ""maker_mode"": ""improve_1"", ""min_take_edge"": 1, ""position_target"": 0, ""pressure_mode"": ""long_bias"", ""quote_bias_ticks"": 0, ""size_haircut"": 1.0, ""skew_strength"": 2, ""soft_cap"": 75, ""spread_threshold"": 3}",improve_1,0,1,0.9,75,2,0.7,0.3,long_bias,0,1.0,3,0,
15,-1,True,38135.0,38135.0,"{""ask_frac"": 0.3, ""bid_frac"": 0.7, ""long_take_edge"": null, ""make_offset"": 0, ""make_portion"": 0.9, ""maker_mode"": ""improve_1"", ""min_take_edge"": 1, ""position_target"": 0, ""pressure_mode"": ""long_bias"", ""quote_bias_ticks"": 0, ""size_haircut"": 1.0, ""skew_strength"": 0, ""soft_cap"": 45, ""spread_threshold"": 3}",improve_1,0,1,0.9,45,0,0.7,0.3,long_bias,0,1.0,3,0,
14,-2,True,8754.0,8754.0,"{""ask_frac"": 0.3, ""bid_frac"": 0.7, ""long_take_edge"": null, ""make_offset"": 0, ""make_portion"": 0.9, ""maker_mode"": ""improve_1"", ""min_take_edge"": 1, ""position_target"": 0, ""pressure_mode"": ""long_bias"", ""quote_bias_ticks"": 0, ""size_haircut"": 1.0, ""skew_strength"": 2, ""soft_cap"": 75, ""spread_threshold"": 3}",improve_1,0,1,0.9,75,2,0.7,0.3,long_bias,0,1.0,3,0,
14,0,True,16681.0,16681.0,"{""ask_frac"": 0.3, ""bid_frac"": 0.7, ""long_take_edge"": null, ""make_offset"": 0, ""make_portion"": 0.9, ""maker_mode"": ""improve_1"", ""min_take_edge"": 1, ""position_target"": 0, ""pressure_mode"": ""long_bias"", ""quote_bias_ticks"": 0, ""size_haircut"": 1.0, ""skew_strength"": 2, ""soft_cap"": 75, ""spread_threshold"": 3}",improve_1,0,1,0.9,75,2,0.7,0.3,long_bias,0,1.0,3,0,
15,0,True,21585.0,21585.0,"{""ask_frac"": 0.3, ""bid_frac"": 0.7, ""long_take_edge"": null, ""make_offset"": 0, ""make_portion"": 0.9, ""maker_mode"": ""improve_1"", ""min_take_edge"": 1, ""position_target"": 0, ""pressure_mode"": ""long_bias"", ""quote_bias_ticks"": 0, ""size_haircut"": 1.0, ""skew_strength"": 0, ""soft_cap"": 45, ""spread_threshold"": 3}",improve_1,0,1,0.9,45,0,0.7,0.3,long_bias,0,1.0,3,0,
16,-1,True,38135.0,38135.0,"{""ask_frac"": 0.3, ""bid_frac"": 0.7, ""long_take_edge"": null, ""make_offset"": 0, ""make_portion"": 0.9, ""maker_mode"": ""improve_1"", ""min_take_edge"": 1, ""position_target"": 0, ""pressure_mode"": ""long_bias"", ""quote_bias_ticks"": 0, ""size_haircut"": 1.0, ""skew_strength"": 0, ""soft_cap"": 55, ""spread_threshold"": 3}",improve_1,0,1,0.9,55,0,0.7,0.3,long_bias,0,1.0,3,0,
16,-2,True,31748.0,31748.0,"{""ask_frac"": 0.3, ""bid_frac"": 0.7, ""long_take_edge"": null, ""make_offset"": 0, ""make_portion"": 0.9, ""maker_mode"": ""improve_1"", ""min_take_edge"": 1, ""position_target"": 0, ""pressure_mode"": ""long_bias"", ""quote_bias_ticks"": 0, ""size_haircut"": 1.0, ""skew_strength"": 0, ""soft_cap"": 55, ""spread_threshold"": 3}",improve_1,0,1,0.9,55,0,0.7,0.3,long_bias,0,1.0,3,0,
17,-1,True,38135.0,38135.0,"{""ask_frac"": 0.3, ""bid_frac"": 0.7, ""long_take_edge"": null, ""make_offset"": 0, ""make_portion"": 0.9, ""maker_mode"": ""improve_1"", ""min_take_edge"": 1, ""position_target"": 0, ""pressure_mode"": ""long_bias"", ""quote_bias_ticks"": 0, ""size_haircut"": 1.0, ""skew_strength"": 0, ""soft_cap"": 65, ""spread_threshold"": 3}",improve_1,0,1,0.9,65,0,0.7,0.3,long_bias,0,1.0,3,0,
17,0,True,21585.0,21585.0,"{""ask_frac"": 0.3, ""bid_frac"": 0.7, ""long_take_edge"": null, ""make_offset"": 0, ""make_portion"": 0.9, ""maker_mode"": ""improve_1"", ""min_take_edge"": 1, ""position_target"": 0, ""pressure_mode"": ""long_bias"", ""quote_bias_ticks"": 0, ""size_haircut"": 1.0, ""skew_strength"": 0, ""soft_cap"": 65, ""spread_threshold"": 3}",improve_1,0,1,0.9,65,0,0.7,0.3,long_bias,0,1.0,3,0,
17,-2,True,31748.0,31748.0,"{""ask_frac"": 0.3, ""bid_frac"": 0.7, ""long_take_edge"": null, ""make_offset"": 0, ""make_portion"": 0.9, ""maker_mode"": ""improve_1"", ""min_take_edge"": 1, ""position_target"": 0, ""pressure_mode"": ""long_bias"", ""quote_bias_ticks"": 0, ""size_haircut"": 1.0, ""skew_strength"": 0, ""soft_cap"": 65, ""spread_threshold"": 3}",improve_1,0,1,0.9,65,0,0.7,0.3,long_bias,0,1.0,3,0,
16,0,True,21585.0,21585.0,"{""ask_frac"": 0.3, ""bid_frac"": 0.7, ""long_take_edge"": null, ""make_offset"": 0, ""make_portion"": 0.9, ""maker_mode"": ""improve_1"", ""min_take_edge"": 1, ""position_target"": 0, ""pressure_mode"": ""long_bias"", ""quote_bias_ticks"": 0, ""size_haircut"": 1.0, ""skew_strength"": 0, ""soft_cap"": 55, ""spread_threshold"": 3}",improve_1,0,1,0.9,55,0,0.7,0.3,long_bias,0,1.0,3,0,
18,-2,True,31748.0,31748.0,"{""ask_frac"": 0.3, ""bid_frac"": 0.7, ""long_take_edge"": null, ""make_offset"": 0, ""make_portion"": 0.9, ""maker_mode"": ""improve_1"", ""min_take_edge"": 0, ""position_target"": 0, ""pressure_mode"": ""long_bias"", ""quote_bias_ticks"": 0, ""size_haircut"": 1.0, ""skew_strength"": 0, ""soft_cap"": 75, ""spread_threshold"": 3}",improve_1,0,0,0.9,75,0,0.7,0.3,long_bias,0,1.0,3,0,
18,-1,True,38135.0,38135.0,"{""ask_frac"": 0.3, ""bid_frac"": 0.7, ""long_take_edge"": null, ""make_offset"": 0, ""make_portion"": 0.9, ""maker_mode"": ""improve_1"", ""min_take_edge"": 0, ""position_target"": 0, ""pressure_mode"": ""long_bias"", ""quote_bias_ticks"": 0, ""size_haircut"": 1.0, ""skew_strength"": 0, ""soft_cap"": 75, ""spread_threshold"": 3}",improve_1,0,0,0.9,75,0,0.7,0.3,long_bias,0,1.0,3,0,
19,0,True,21585.0,21585.0,"{""ask_frac"": 0.3, ""bid_frac"": 0.7, ""long_take_edge"": null, ""make_offset"": 0, ""make_portion"": 0.9, ""maker_mode"": ""improve_1"", ""min_take_edge"": 2, ""position_target"": 0, ""pressure_mode"": ""long_bias"", ""quote_bias_ticks"": 0, ""size_haircut"": 1.0, ""skew_strength"": 0, ""soft_cap"": 75, ""spread_threshold"": 3}",improve_1,0,2,0.9,75,0,0.7,0.3,long_bias,0,1.0,3,0,
18,0,True,21585.0,21585.0,"{""ask_frac"": 0.3, ""bid_frac"": 0.7, ""long_take_edge"": null, ""make_offset"": 0, ""make_portion"": 0.9, ""maker_mode"": ""improve_1"", ""min_take_edge"": 0, ""position_target"": 0, ""pressure_mode"": ""long_bias"", ""quote_bias_ticks"": 0, ""size_haircut"": 1.0, ""skew_strength"": 0, ""soft_cap"": 75, ""spread_threshold"": 3}",improve_1,0,0,0.9,75,0,0.7,0.3,long_bias,0,1.0,3,0,
19,-1,True,32118.0,32118.0,"{""ask_frac"": 0.3, ""bid_frac"": 0.7, ""long_take_edge"": null, ""make_offset"": 0, ""make_portion"": 0.9, ""maker_mode"": ""improve_1"", ""min_take_edge"": 2, ""position_target"": 0, ""pressure_mode"": ""long_bias"", ""quote_bias_ticks"": 0, ""size_haircut"": 1.0, ""skew_strength"": 0, ""soft_cap"": 75, ""spread_threshold"": 3}",improve_1,0,2,0.9,75,0,0.7,0.3,long_bias,0,1.0,3,0,
19,-2,True,10826.0,10826.0,"{""ask_frac"": 0.3, ""bid_frac"": 0.7, ""long_take_edge"": null, ""make_offset"": 0, ""make_portion"": 0.9, ""maker_mode"": ""improve_1"", ""min_take_edge"": 2, ""position_target"": 0, ""pressure_mode"": ""long_bias"", ""quote_bias_ticks"": 0, ""size_haircut"": 1.0, ""skew_strength"": 0, ""soft_cap"": 75, ""spread_threshold"": 3}",improve_1,0,2,0.9,75,0,0.7,0.3,long_bias,0,1.0,3,0,
20,-2,True,31748.0,31748.0,"{""ask_frac"": 0.3, ""bid_frac"": 0.7, ""long_take_edge"": 0, ""make_offset"": 0, ""make_portion"": 0.9, ""maker_mode"": ""improve_1"", ""min_take_edge"": 1, ""position_target"": 0, ""pressure_mode"": ""long_bias"", ""quote_bias_ticks"": 0, ""size_haircut"": 1.0, ""skew_strength"": 0, ""soft_cap"": 75, ""spread_threshold"": 3}",improve_1,0,1,0.9,75,0,0.7,0.3,long_bias,0,1.0,3,0,0.0
20,-1,True,38135.0,38135.0,"{""ask_frac"": 0.3, ""bid_frac"": 0.7, ""long_take_edge"": 0, ""make_offset"": 0, ""make_portion"": 0.9, ""maker_mode"": ""improve_1"", ""min_take_edge"": 1, ""position_target"": 0, ""pressure_mode"": ""long_bias"", ""quote_bias_ticks"": 0, ""size_haircut"": 1.0, ""skew_strength"": 0, ""soft_cap"": 75, ""spread_threshold"": 3}",improve_1,0,1,0.9,75,0,0.7,0.3,long_bias,0,1.0,3,0,0.0
21,-2,True,31748.0,31748.0,"{""ask_frac"": 0.3, ""bid_frac"": 0.7, ""long_take_edge"": -1, ""make_offset"": 0, ""make_portion"": 0.9, ""maker_mode"": ""improve_1"", ""min_take_edge"": 1, ""position_target"": 0, ""pressure_mode"": ""long_bias"", ""quote_bias_ticks"": 0, ""size_haircut"": 1.0, ""skew_strength"": 0, ""soft_cap"": 75, ""spread_threshold"": 3}",improve_1,0,1,0.9,75,0,0.7,0.3,long_bias,0,1.0,3,0,-1.0
21,-1,True,38135.0,38135.0,"{""ask_frac"": 0.3, ""bid_frac"": 0.7, ""long_take_edge"": -1, ""make_offset"": 0, ""make_portion"": 0.9, ""maker_mode"": ""improve_1"", ""min_take_edge"": 1, ""position_target"": 0, ""pressure_mode"": ""long_bias"", ""quote_bias_ticks"": 0, ""size_haircut"": 1.0, ""skew_strength"": 0, ""soft_cap"": 75, ""spread_threshold"": 3}",improve_1,0,1,0.9,75,0,0.7,0.3,long_bias,0,1.0,3,0,-1.0
20,0,True,21585.0,21585.0,"{""ask_frac"": 0.3, ""bid_frac"": 0.7, ""long_take_edge"": 0, ""make_offset"": 0, ""make_portion"": 0.9, ""maker_mode"": ""improve_1"", ""min_take_edge"": 1, ""position_target"": 0, ""pressure_mode"": ""long_bias"", ""quote_bias_ticks"": 0, ""size_haircut"": 1.0, ""skew_strength"": 0, ""soft_cap"": 75, ""spread_threshold"": 3}",improve_1,0,1,0.9,75,0,0.7,0.3,long_bias,0,1.0,3,0,0.0
21,0,True,21585.0,21585.0,"{""ask_frac"": 0.3, ""bid_frac"": 0.7, ""long_take_edge"": -1, ""make_offset"": 0, ""make_portion"": 0.9, ""maker_mode"": ""improve_1"", ""min_take_edge"": 1, ""position_target"": 0, ""pressure_mode"": ""long_bias"", ""quote_bias_ticks"": 0, ""size_haircut"": 1.0, ""skew_strength"": 0, ""soft_cap"": 75, ""spread_threshold"": 3}",improve_1,0,1,0.9,75,0,0.7,0.3,long_bias,0,1.0,3,0,-1.0
22,-2,True,31748.0,31748.0,"{""ask_frac"": 0.3, ""bid_frac"": 0.7, ""long_take_edge"": -2, ""make_offset"": 0, ""make_portion"": 0.9, ""maker_mode"": ""improve_1"", ""min_take_edge"": 1, ""position_target"": 0, ""pressure_mode"": ""long_bias"", ""quote_bias_ticks"": 0, ""size_haircut"": 1.0, ""skew_strength"": 0, ""soft_cap"": 75, ""spread_threshold"": 3}",improve_1,0,1,0.9,75,0,0.7,0.3,long_bias,0,1.0,3,0,-2.0
22,-1,True,38135.0,38135.0,"{""ask_frac"": 0.3, ""bid_frac"": 0.7, ""long_take_edge"": -2, ""make_offset"": 0, ""make_portion"": 0.9, ""maker_mode"": ""improve_1"", ""min_take_edge"": 1, ""position_target"": 0, ""pressure_mode"": ""long_bias"", ""quote_bias_ticks"": 0, ""size_haircut"": 1.0, ""skew_strength"": 0, ""soft_cap"": 75, ""spread_threshold"": 3}",improve_1,0,1,0.9,75,0,0.7,0.3,long_bias,0,1.0,3,0,-2.0
23,-2,True,73287.0,73287.0,"{""ask_frac"": 0.3, ""bid_frac"": 0.7, ""long_take_edge"": -4, ""make_offset"": 0, ""make_portion"": 0.9, ""maker_mode"": ""improve_1"", ""min_take_edge"": 1, ""position_target"": 0, ""pressure_mode"": ""long_bias"", ""quote_bias_ticks"": 0, ""size_haircut"": 1.0, ""skew_strength"": 0, ""soft_cap"": 75, ""spread_threshold"": 3}",improve_1,0,1,0.9,75,0,0.7,0.3,long_bias,0,1.0,3,0,-4.0
23,0,True,68965.0,68965.0,"{""ask_frac"": 0.3, ""bid_frac"": 0.7, ""long_take_edge"": -4, ""make_offset"": 0, ""make_portion"": 0.9, ""maker_mode"": ""improve_1"", ""min_take_edge"": 1, ""position_target"": 0, ""pressure_mode"": ""long_bias"", ""quote_bias_ticks"": 0, ""size_haircut"": 1.0, ""skew_strength"": 0, ""soft_cap"": 75, ""spread_threshold"": 3}",improve_1,0,1,0.9,75,0,0.7,0.3,long_bias,0,1.0,3,0,-4.0
23,-1,True,73972.0,73972.0,"{""ask_frac"": 0.3, ""bid_frac"": 0.7, ""long_take_edge"": -4, ""make_offset"": 0, ""make_portion"": 0.9, ""maker_mode"": ""improve_1"", ""min_take_edge"": 1, ""position_target"": 0, ""pressure_mode"": ""long_bias"", ""quote_bias_ticks"": 0, ""size_haircut"": 1.0, ""skew_strength"": 0, ""soft_cap"": 75, ""spread_threshold"": 3}",improve_1,0,1,0.9,75,0,0.7,0.3,long_bias,0,1.0,3,0,-4.0
22,0,True,21585.0,21585.0,"{""ask_frac"": 0.3, ""bid_frac"": 0.7, ""long_take_edge"": -2, ""make_offset"": 0, ""make_portion"": 0.9, ""maker_mode"": ""improve_1"", ""min_take_edge"": 1, ""position_target"": 0, ""pressure_mode"": ""long_bias"", ""quote_bias_ticks"": 0, ""size_haircut"": 1.0, ""skew_strength"": 0, ""soft_cap"": 75, ""spread_threshold"": 3}",improve_1,0,1,0.9,75,0,0.7,0.3,long_bias,0,1.0,3,0,-2.0
24,-1,True,49135.0,49135.0,"{""ask_frac"": 0.3, ""bid_frac"": 0.7, ""long_take_edge"": null, ""make_offset"": 0, ""make_portion"": 0.9, ""maker_mode"": ""improve_1"", ""min_take_edge"": 1, ""position_target"": 20, ""pressure_mode"": ""long_bias"", ""quote_bias_ticks"": 0, ""size_haircut"": 1.0, ""skew_strength"": 0, ""soft_cap"": 75, ""spread_threshold"": 3}",improve_1,0,1,0.9,75,0,0.7,0.3,long_bias,0,1.0,3,20,
24,-2,True,43732.0,43732.0,"{""ask_frac"": 0.3, ""bid_frac"": 0.7, ""long_take_edge"": null, ""make_offset"": 0, ""make_portion"": 0.9, ""maker_mode"": ""improve_1"", ""min_take_edge"": 1, ""position_target"": 20, ""pressure_mode"": ""long_bias"", ""quote_bias_ticks"": 0, ""size_haircut"": 1.0, ""skew_strength"": 0, ""soft_cap"": 75, ""spread_threshold"": 3}",improve_1,0,1,0.9,75,0,0.7,0.3,long_bias,0,1.0,3,20,
25,0,True,53110.0,53110.0,"{""ask_frac"": 0.3, ""bid_frac"": 0.7, ""long_take_edge"": null, ""make_offset"": 0, ""make_portion"": 0.9, ""maker_mode"": ""improve_1"", ""min_take_edge"": 1, ""position_target"": 40, ""pressure_mode"": ""long_bias"", ""quote_bias_ticks"": 0, ""size_haircut"": 1.0, ""skew_strength"": 0, ""soft_cap"": 75, ""spread_threshold"": 3}",improve_1,0,1,0.9,75,0,0.7,0.3,long_bias,0,1.0,3,40,
24,0,True,38923.0,38923.0,"{""ask_frac"": 0.3, ""bid_frac"": 0.7, ""long_take_edge"": null, ""make_offset"": 0, ""make_portion"": 0.9, ""maker_mode"": ""improve_1"", ""min_take_edge"": 1, ""position_target"": 20, ""pressure_mode"": ""long_bias"", ""quote_bias_ticks"": 0, ""size_haircut"": 1.0, ""skew_strength"": 0, ""soft_cap"": 75, ""spread_threshold"": 3}",improve_1,0,1,0.9,75,0,0.7,0.3,long_bias,0,1.0,3,20,
25,-1,True,58006.0,58006.0,"{""ask_frac"": 0.3, ""bid_frac"": 0.7, ""long_take_edge"": null, ""make_offset"": 0, ""make_portion"": 0.9, ""maker_mode"": ""improve_1"", ""min_take_edge"": 1, ""position_target"": 40, ""pressure_mode"": ""long_bias"", ""quote_bias_ticks"": 0, ""size_haircut"": 1.0, ""skew_strength"": 0, ""soft_cap"": 75, ""spread_threshold"": 3}",improve_1,0,1,0.9,75,0,0.7,0.3,long_bias,0,1.0,3,40,
25,-2,True,55002.0,55002.0,"{""ask_frac"": 0.3, ""bid_frac"": 0.7, ""long_take_edge"": null, ""make_offset"": 0, ""make_portion"": 0.9, ""maker_mode"": ""improve_1"", ""min_take_edge"": 1, ""position_target"": 40, ""pressure_mode"": ""long_bias"", ""quote_bias_ticks"": 0, ""size_haircut"": 1.0, ""skew_strength"": 0, ""soft_cap"": 75, ""spread_threshold"": 3}",improve_1,0,1,0.9,75,0,0.7,0.3,long_bias,0,1.0,3,40,
26,-2,True,62828.0,62828.0,"{""ask_frac"": 0.3, ""bid_frac"": 0.7, ""long_take_edge"": null, ""make_offset"": 0, ""make_portion"": 0.9, ""maker_mode"": ""improve_1"", ""min_take_edge"": 1, ""position_target"": 60, ""pressure_mode"": ""long_bias"", ""quote_bias_ticks"": 0, ""size_haircut"": 1.0, ""skew_strength"": 0, ""soft_cap"": 75, ""spread_threshold"": 3}",improve_1,0,1,0.9,75,0,0.7,0.3,long_bias,0,1.0,3,60,
26,-1,True,63962.0,63962.0,"{""ask_frac"": 0.3, ""bid_frac"": 0.7, ""long_take_edge"": null, ""make_offset"": 0, ""make_portion"": 0.9, ""maker_mode"": ""improve_1"", ""min_take_edge"": 1, ""position_target"": 60, ""pressure_mode"": ""long_bias"", ""quote_bias_ticks"": 0, ""size_haircut"": 1.0, ""skew_strength"": 0, ""soft_cap"": 75, ""spread_threshold"": 3}",improve_1,0,1,0.9,75,0,0.7,0.3,long_bias,0,1.0,3,60,
27,0,True,21578.0,21578.0,"{""ask_frac"": 0.3, ""bid_frac"": 0.7, ""long_take_edge"": null, ""make_offset"": 0, ""make_portion"": 0.7, ""maker_mode"": ""improve_1"", ""min_take_edge"": 1, ""position_target"": 0, ""pressure_mode"": ""long_bias"", ""quote_bias_ticks"": 0, ""size_haircut"": 1.0, ""skew_strength"": 0, ""soft_cap"": 75, ""spread_threshold"": 3}",improve_1,0,1,0.7,75,0,0.7,0.3,long_bias,0,1.0,3,0,
27,-2,True,31748.0,31748.0,"{""ask_frac"": 0.3, ""bid_frac"": 0.7, ""long_take_edge"": null, ""make_offset"": 0, ""make_portion"": 0.7, ""maker_mode"": ""improve_1"", ""min_take_edge"": 1, ""position_target"": 0, ""pressure_mode"": ""long_bias"", ""quote_bias_ticks"": 0, ""size_haircut"": 1.0, ""skew_strength"": 0, ""soft_cap"": 75, ""spread_threshold"": 3}",improve_1,0,1,0.7,75,0,0.7,0.3,long_bias,0,1.0,3,0,
26,0,True,65644.0,65644.0,"{""ask_frac"": 0.3, ""bid_frac"": 0.7, ""long_take_edge"": null, ""make_offset"": 0, ""make_portion"": 0.9, ""maker_mode"": ""improve_1"", ""min_take_edge"": 1, ""position_target"": 60, ""pressure_mode"": ""long_bias"", ""quote_bias_ticks"": 0, ""size_haircut"": 1.0, ""skew_strength"": 0, ""soft_cap"": 75, ""spread_threshold"": 3}",improve_1,0,1,0.9,75,0,0.7,0.3,long_bias,0,1.0,3,60,
27,-1,True,38014.0,38014.0,"{""ask_frac"": 0.3, ""bid_frac"": 0.7, ""long_take_edge"": null, ""make_offset"": 0, ""make_portion"": 0.7, ""maker_mode"": ""improve_1"", ""min_take_edge"": 1, ""position_target"": 0, ""pressure_mode"": ""long_bias"", ""quote_bias_ticks"": 0, ""size_haircut"": 1.0, ""skew_strength"": 0, ""soft_cap"": 75, ""spread_threshold"": 3}",improve_1,0,1,0.7,75,0,0.7,0.3,long_bias,0,1.0,3,0,
28,-1,True,38135.0,38135.0,"{""ask_frac"": 0.3, ""bid_frac"": 0.7, ""long_take_edge"": null, ""make_offset"": 0, ""make_portion"": 1.0, ""maker_mode"": ""improve_1"", ""min_take_edge"": 1, ""position_target"": 0, ""pressure_mode"": ""long_bias"", ""quote_bias_ticks"": 0, ""size_haircut"": 1.0, ""skew_strength"": 0, ""soft_cap"": 75, ""spread_threshold"": 3}",improve_1,0,1,1.0,75,0,0.7,0.3,long_bias,0,1.0,3,0,
28,-2,True,31748.0,31748.0,"{""ask_frac"": 0.3, ""bid_frac"": 0.7, ""long_take_edge"": null, ""make_offset"": 0, ""make_portion"": 1.0, ""maker_mode"": ""improve_1"", ""min_take_edge"": 1, ""position_target"": 0, ""pressure_mode"": ""long_bias"", ""quote_bias_ticks"": 0, ""size_haircut"": 1.0, ""skew_strength"": 0, ""soft_cap"": 75, ""spread_threshold"": 3}",improve_1,0,1,1.0,75,0,0.7,0.3,long_bias,0,1.0,3,0,
29,0,True,67247.0,67247.0,"{""ask_frac"": 0.4, ""bid_frac"": 0.6, ""long_take_edge"": null, ""make_offset"": 0, ""make_portion"": 0.9, ""maker_mode"": ""improve_1"", ""min_take_edge"": 1, ""position_target"": 0, ""pressure_mode"": ""long_bias"", ""quote_bias_ticks"": 1, ""size_haircut"": 1.0, ""skew_strength"": 0, ""soft_cap"": 75, ""spread_threshold"": 3}",improve_1,0,1,0.9,75,0,0.6,0.4,long_bias,1,1.0,3,0,
28,0,True,21585.0,21585.0,"{""ask_frac"": 0.3, ""bid_frac"": 0.7, ""long_take_edge"": null, ""make_offset"": 0, ""make_portion"": 1.0, ""maker_mode"": ""improve_1"", ""min_take_edge"": 1, ""position_target"": 0, ""pressure_mode"": ""long_bias"", ""quote_bias_ticks"": 0, ""size_haircut"": 1.0, ""skew_strength"": 0, ""soft_cap"": 75, ""spread_threshold"": 3}",improve_1,0,1,1.0,75,0,0.7,0.3,long_bias,0,1.0,3,0,
29,-2,True,72090.0,72090.0,"{""ask_frac"": 0.4, ""bid_frac"": 0.6, ""long_take_edge"": null, ""make_offset"": 0, ""make_portion"": 0.9, ""maker_mode"": ""improve_1"", ""min_take_edge"": 1, ""position_target"": 0, ""pressure_mode"": ""long_bias"", ""quote_bias_ticks"": 1, ""size_haircut"": 1.0, ""skew_strength"": 0, ""soft_cap"": 75, ""spread_threshold"": 3}",improve_1,0,1,0.9,75,0,0.6,0.4,long_bias,1,1.0,3,0,
29,-1,True,69334.0,69334.0,"{""ask_frac"": 0.4, ""bid_frac"": 0.6, ""long_take_edge"": null, ""make_offset"": 0, ""make_portion"": 0.9, ""maker_mode"": ""improve_1"", ""min_take_edge"": 1, ""position_target"": 0, ""pressure_mode"": ""long_bias"", ""quote_bias_ticks"": 1, ""size_haircut"": 1.0, ""skew_strength"": 0, ""soft_cap"": 75, ""spread_threshold"": 3}",improve_1,0,1,0.9,75,0,0.6,0.4,long_bias,1,1.0,3,0,
30,-2,True,72090.0,72090.0,"{""ask_frac"": 0.2, ""bid_frac"": 0.8, ""long_take_edge"": null, ""make_offset"": 0, ""make_portion"": 0.9, ""maker_mode"": ""improve_1"", ""min_take_edge"": 1, ""position_target"": 0, ""pressure_mode"": ""long_bias"", ""quote_bias_ticks"": 1, ""size_haircut"": 1.0, ""skew_strength"": 0, ""soft_cap"": 75, ""spread_threshold"": 3}",improve_1,0,1,0.9,75,0,0.8,0.2,long_bias,1,1.0,3,0,
30,-1,True,69334.0,69334.0,"{""ask_frac"": 0.2, ""bid_frac"": 0.8, ""long_take_edge"": null, ""make_offset"": 0, ""make_portion"": 0.9, ""maker_mode"": ""improve_1"", ""min_take_edge"": 1, ""position_target"": 0, ""pressure_mode"": ""long_bias"", ""quote_bias_ticks"": 1, ""size_haircut"": 1.0, ""skew_strength"": 0, ""soft_cap"": 75, ""spread_threshold"": 3}",improve_1,0,1,0.9,75,0,0.8,0.2,long_bias,1,1.0,3,0,
31,0,True,74859.0,74859.0,"{""ask_frac"": 0.4, ""bid_frac"": 0.6, ""long_take_edge"": null, ""make_offset"": 0, ""make_portion"": 0.9, ""maker_mode"": ""improve_1"", ""min_take_edge"": 1, ""position_target"": 0, ""pressure_mode"": ""long_bias"", ""quote_bias_ticks"": 2, ""size_haircut"": 1.0, ""skew_strength"": 0, ""soft_cap"": 75, ""spread_threshold"": 3}",improve_1,0,1,0.9,75,0,0.6,0.4,long_bias,2,1.0,3,0,
30,0,True,67247.0,67247.0,"{""ask_frac"": 0.2, ""bid_frac"": 0.8, ""long_take_edge"": null, ""make_offset"": 0, ""make_portion"": 0.9, ""maker_mode"": ""improve_1"", ""min_take_edge"": 1, ""position_target"": 0, ""pressure_mode"": ""long_bias"", ""quote_bias_ticks"": 1, ""size_haircut"": 1.0, ""skew_strength"": 0, ""soft_cap"": 75, ""spread_threshold"": 3}",improve_1,0,1,0.9,75,0,0.8,0.2,long_bias,1,1.0,3,0,
31,-1,True,71912.0,71912.0,"{""ask_frac"": 0.4, ""bid_frac"": 0.6, ""long_take_edge"": null, ""make_offset"": 0, ""make_portion"": 0.9, ""maker_mode"": ""improve_1"", ""min_take_edge"": 1, ""position_target"": 0, ""pressure_mode"": ""long_bias"", ""quote_bias_ticks"": 2, ""size_haircut"": 1.0, ""skew_strength"": 0, ""soft_cap"": 75, ""spread_threshold"": 3}",improve_1,0,1,0.9,75,0,0.6,0.4,long_bias,2,1.0,3,0,
31,-2,True,73844.0,73844.0,"{""ask_frac"": 0.4, ""bid_frac"": 0.6, ""long_take_edge"": null, ""make_offset"": 0, ""make_portion"": 0.9, ""maker_mode"": ""improve_1"", ""min_take_edge"": 1, ""position_target"": 0, ""pressure_mode"": ""long_bias"", ""quote_bias_ticks"": 2, ""size_haircut"": 1.0, ""skew_strength"": 0, ""soft_cap"": 75, ""spread_threshold"": 3}",improve_1,0,1,0.9,75,0,0.6,0.4,long_bias,2,1.0,3,0,
32,-2,True,73844.0,73844.0,"{""ask_frac"": 0.2, ""bid_frac"": 0.8, ""long_take_edge"": null, ""make_offset"": 0, ""make_portion"": 0.9, ""maker_mode"": ""improve_1"", ""min_take_edge"": 1, ""position_target"": 0, ""pressure_mode"": ""long_bias"", ""quote_bias_ticks"": 2, ""size_haircut"": 1.0, ""skew_strength"": 0, ""soft_cap"": 75, ""spread_threshold"": 3}",improve_1,0,1,0.9,75,0,0.8,0.2,long_bias,2,1.0,3,0,
32,-1,True,71912.0,71912.0,"{""ask_frac"": 0.2, ""bid_frac"": 0.8, ""long_take_edge"": null, ""make_offset"": 0, ""make_portion"": 0.9, ""maker_mode"": ""improve_1"", ""min_take_edge"": 1, ""position_target"": 0, ""pressure_mode"": ""long_bias"", ""quote_bias_ticks"": 2, ""size_haircut"": 1.0, ""skew_strength"": 0, ""soft_cap"": 75, ""spread_threshold"": 3}",improve_1,0,1,0.9,75,0,0.8,0.2,long_bias,2,1.0,3,0,
33,-2,True,72090.0,72090.0,"{""ask_frac"": 0.3, ""bid_frac"": 0.7, ""long_take_edge"": -2, ""make_offset"": 0, ""make_portion"": 0.9, ""maker_mode"": ""improve_1"", ""min_take_edge"": 1, ""position_target"": 0, ""pressure_mode"": ""long_bias"", ""quote_bias_ticks"": 1, ""size_haircut"": 1.0, ""skew_strength"": 0, ""soft_cap"": 75, ""spread_threshold"": 3}",improve_1,0,1,0.9,75,0,0.7,0.3,long_bias,1,1.0,3,0,-2.0
32,0,True,74859.0,74859.0,"{""ask_frac"": 0.2, ""bid_frac"": 0.8, ""long_take_edge"": null, ""make_offset"": 0, ""make_portion"": 0.9, ""maker_mode"": ""improve_1"", ""min_take_edge"": 1, ""position_target"": 0, ""pressure_mode"": ""long_bias"", ""quote_bias_ticks"": 2, ""size_haircut"": 1.0, ""skew_strength"": 0, ""soft_cap"": 75, ""spread_threshold"": 3}",improve_1,0,1,0.9,75,0,0.8,0.2,long_bias,2,1.0,3,0,
33,0,True,67247.0,67247.0,"{""ask_frac"": 0.3, ""bid_frac"": 0.7, ""long_take_edge"": -2, ""make_offset"": 0, ""make_portion"": 0.9, ""maker_mode"": ""improve_1"", ""min_take_edge"": 1, ""position_target"": 0, ""pressure_mode"": ""long_bias"", ""quote_bias_ticks"": 1, ""size_haircut"": 1.0, ""skew_strength"": 0, ""soft_cap"": 75, ""spread_threshold"": 3}",improve_1,0,1,0.9,75,0,0.7,0.3,long_bias,1,1.0,3,0,-2.0
33,-1,True,69334.0,69334.0,"{""ask_frac"": 0.3, ""bid_frac"": 0.7, ""long_take_edge"": -2, ""make_offset"": 0, ""make_portion"": 0.9, ""maker_mode"": ""improve_1"", ""min_take_edge"": 1, ""position_target"": 0, ""pressure_mode"": ""long_bias"", ""quote_bias_ticks"": 1, ""size_haircut"": 1.0, ""skew_strength"": 0, ""soft_cap"": 75, ""spread_threshold"": 3}",improve_1,0,1,0.9,75,0,0.7,0.3,long_bias,1,1.0,3,0,-2.0
34,-2,True,73844.0,73844.0,"{""ask_frac"": 0.3, ""bid_frac"": 0.7, ""long_take_edge"": -2, ""make_offset"": 0, ""make_portion"": 0.9, ""maker_mode"": ""improve_1"", ""min_take_edge"": 1, ""position_target"": 0, ""pressure_mode"": ""long_bias"", ""quote_bias_ticks"": 2, ""size_haircut"": 1.0, ""skew_strength"": 0, ""soft_cap"": 75, ""spread_threshold"": 3}",improve_1,0,1,0.9,75,0,0.7,0.3,long_bias,2,1.0,3,0,-2.0
34,-1,True,71912.0,71912.0,"{""ask_frac"": 0.3, ""bid_frac"": 0.7, ""long_take_edge"": -2, ""make_offset"": 0, ""make_portion"": 0.9, ""maker_mode"": ""improve_1"", ""min_take_edge"": 1, ""position_target"": 0, ""pressure_mode"": ""long_bias"", ""quote_bias_ticks"": 2, ""size_haircut"": 1.0, ""skew_strength"": 0, ""soft_cap"": 75, ""spread_threshold"": 3}",improve_1,0,1,0.9,75,0,0.7,0.3,long_bias,2,1.0,3,0,-2.0
35,0,True,67247.0,67247.0,"{""ask_frac"": 0.3, ""bid_frac"": 0.7, ""long_take_edge"": -1, ""make_offset"": 0, ""make_portion"": 0.9, ""maker_mode"": ""improve_1"", ""min_take_edge"": 1, ""position_target"": 0, ""pressure_mode"": ""long_bias"", ""quote_bias_ticks"": 1, ""size_haircut"": 1.0, ""skew_strength"": 0, ""soft_cap"": 75, ""spread_threshold"": 3}",improve_1,0,1,0.9,75,0,0.7,0.3,long_bias,1,1.0,3,0,-1.0
35,-2,True,72090.0,72090.0,"{""ask_frac"": 0.3, ""bid_frac"": 0.7, ""long_take_edge"": -1, ""make_offset"": 0, ""make_portion"": 0.9, ""maker_mode"": ""improve_1"", ""min_take_edge"": 1, ""position_target"": 0, ""pressure_mode"": ""long_bias"", ""quote_bias_ticks"": 1, ""size_haircut"": 1.0, ""skew_strength"": 0, ""soft_cap"": 75, ""spread_threshold"": 3}",improve_1,0,1,0.9,75,0,0.7,0.3,long_bias,1,1.0,3,0,-1.0
34,0,True,74859.0,74859.0,"{""ask_frac"": 0.3, ""bid_frac"": 0.7, ""long_take_edge"": -2, ""make_offset"": 0, ""make_portion"": 0.9, ""maker_mode"": ""improve_1"", ""min_take_edge"": 1, ""position_target"": 0, ""pressure_mode"": ""long_bias"", ""quote_bias_ticks"": 2, ""size_haircut"": 1.0, ""skew_strength"": 0, ""soft_cap"": 75, ""spread_threshold"": 3}",improve_1,0,1,0.9,75,0,0.7,0.3,long_bias,2,1.0,3,0,-2.0
35,-1,True,69334.0,69334.0,"{""ask_frac"": 0.3, ""bid_frac"": 0.7, ""long_take_edge"": -1, ""make_offset"": 0, ""make_portion"": 0.9, ""maker_mode"": ""improve_1"", ""min_take_edge"": 1, ""position_target"": 0, ""pressure_mode"": ""long_bias"", ""quote_bias_ticks"": 1, ""size_haircut"": 1.0, ""skew_strength"": 0, ""soft_cap"": 75, ""spread_threshold"": 3}",improve_1,0,1,0.9,75,0,0.7,0.3,long_bias,1,1.0,3,0,-1.0
36,-1,True,71912.0,71912.0,"{""ask_frac"": 0.3, ""bid_frac"": 0.7, ""long_take_edge"": -1, ""make_offset"": 0, ""make_portion"": 0.9, ""maker_mode"": ""improve_1"", ""min_take_edge"": 1, ""position_target"": 0, ""pressure_mode"": ""long_bias"", ""quote_bias_ticks"": 2, ""size_haircut"": 1.0, ""skew_strength"": 0, ""soft_cap"": 75, ""spread_threshold"": 3}",improve_1,0,1,0.9,75,0,0.7,0.3,long_bias,2,1.0,3,0,-1.0
36,-2,True,73844.0,73844.0,"{""ask_frac"": 0.3, ""bid_frac"": 0.7, ""long_take_edge"": -1, ""make_offset"": 0, ""make_portion"": 0.9, ""maker_mode"": ""improve_1"", ""min_take_edge"": 1, ""position_target"": 0, ""pressure_mode"": ""long_bias"", ""quote_bias_ticks"": 2, ""size_haircut"": 1.0, ""skew_strength"": 0, ""soft_cap"": 75, ""spread_threshold"": 3}",improve_1,0,1,0.9,75,0,0.7,0.3,long_bias,2,1.0,3,0,-1.0
36,0,True,74859.0,74859.0,"{""ask_frac"": 0.3, ""bid_frac"": 0.7, ""long_take_edge"": -1, ""make_offset"": 0, ""make_portion"": 0.9, ""maker_mode"": ""improve_1"", ""min_take_edge"": 1, ""position_target"": 0, ""pressure_mode"": ""long_bias"", ""quote_bias_ticks"": 2, ""size_haircut"": 1.0, ""skew_strength"": 0, ""soft_cap"": 75, ""spread_threshold"": 3}",improve_1,0,1,0.9,75,0,0.7,0.3,long_bias,2,1.0,3,0,-1.0
37,-1,True,69334.0,69334.0,"{""ask_frac"": 0.3, ""bid_frac"": 0.7, ""long_take_edge"": 0, ""make_offset"": 0, ""make_portion"": 0.9, ""maker_mode"": ""improve_1"", ""min_take_edge"": 1, ""position_target"": 0, ""pressure_mode"": ""long_bias"", ""quote_bias_ticks"": 1, ""size_haircut"": 1.0, ""skew_strength"": 0, ""soft_cap"": 75, ""spread_threshold"": 3}",improve_1,0,1,0.9,75,0,0.7,0.3,long_bias,1,1.0,3,0,0.0
37,-2,True,72090.0,72090.0,"{""ask_frac"": 0.3, ""bid_frac"": 0.7, ""long_take_edge"": 0, ""make_offset"": 0, ""make_portion"": 0.9, ""maker_mode"": ""improve_1"", ""min_take_edge"": 1, ""position_target"": 0, ""pressure_mode"": ""long_bias"", ""quote_bias_ticks"": 1, ""size_haircut"": 1.0, ""skew_strength"": 0, ""soft_cap"": 75, ""spread_threshold"": 3}",improve_1,0,1,0.9,75,0,0.7,0.3,long_bias,1,1.0,3,0,0.0
37,0,True,67247.0,67247.0,"{""ask_frac"": 0.3, ""bid_frac"": 0.7, ""long_take_edge"": 0, ""make_offset"": 0, ""make_portion"": 0.9, ""maker_mode"": ""improve_1"", ""min_take_edge"": 1, ""position_target"": 0, ""pressure_mode"": ""long_bias"", ""quote_bias_ticks"": 1, ""size_haircut"": 1.0, ""skew_strength"": 0, ""soft_cap"": 75, ""spread_threshold"": 3}",improve_1,0,1,0.9,75,0,0.7,0.3,long_bias,1,1.0,3,0,0.0
38,-2,True,73844.0,73844.0,"{""ask_frac"": 0.3, ""bid_frac"": 0.7, ""long_take_edge"": 0, ""make_offset"": 0, ""make_portion"": 0.9, ""maker_mode"": ""improve_1"", ""min_take_edge"": 1, ""position_target"": 0, ""pressure_mode"": ""long_bias"", ""quote_bias_ticks"": 2, ""size_haircut"": 1.0, ""skew_strength"": 0, ""soft_cap"": 75, ""spread_threshold"": 3}",improve_1,0,1,0.9,75,0,0.7,0.3,long_bias,2,1.0,3,0,0.0
38,-1,True,71912.0,71912.0,"{""ask_frac"": 0.3, ""bid_frac"": 0.7, ""long_take_edge"": 0, ""make_offset"": 0, ""make_portion"": 0.9, ""maker_mode"": ""improve_1"", ""min_take_edge"": 1, ""position_target"": 0, ""pressure_mode"": ""long_bias"", ""quote_bias_ticks"": 2, ""size_haircut"": 1.0, ""skew_strength"": 0, ""soft_cap"": 75, ""spread_threshold"": 3}",improve_1,0,1,0.9,75,0,0.7,0.3,long_bias,2,1.0,3,0,0.0
38,0,True,74859.0,74859.0,"{""ask_frac"": 0.3, ""bid_frac"": 0.7, ""long_take_edge"": 0, ""make_offset"": 0, ""make_portion"": 0.9, ""maker_mode"": ""improve_1"", ""min_take_edge"": 1, ""position_target"": 0, ""pressure_mode"": ""long_bias"", ""quote_bias_ticks"": 2, ""size_haircut"": 1.0, ""skew_strength"": 0, ""soft_cap"": 75, ""spread_threshold"": 3}",improve_1,0,1,0.9,75,0,0.7,0.3,long_bias,2,1.0,3,0,0.0
39,-2,True,29521.0,29521.0,"{""ask_frac"": 0.3, ""bid_frac"": 0.7, ""long_take_edge"": null, ""make_offset"": 0, ""make_portion"": 0.9, ""maker_mode"": ""improve_1"", ""min_take_edge"": 1, ""position_target"": 20, ""pressure_mode"": ""long_bias"", ""quote_bias_ticks"": 0, ""size_haircut"": 1.0, ""skew_strength"": 1, ""soft_cap"": 75, ""spread_threshold"": 3}",improve_1,0,1,0.9,75,1,0.7,0.3,long_bias,0,1.0,3,20,
39,-1,True,32769.0,32769.0,"{""ask_frac"": 0.3, ""bid_frac"": 0.7, ""long_take_edge"": null, ""make_offset"": 0, ""make_portion"": 0.9, ""maker_mode"": ""improve_1"", ""min_take_edge"": 1, ""position_target"": 20, ""pressure_mode"": ""long_bias"", ""quote_bias_ticks"": 0, ""size_haircut"": 1.0, ""skew_strength"": 1, ""soft_cap"": 75, ""spread_threshold"": 3}",improve_1,0,1,0.9,75,1,0.7,0.3,long_bias,0,1.0,3,20,
39,0,True,35794.0,35794.0,"{""ask_frac"": 0.3, ""bid_frac"": 0.7, ""long_take_edge"": null, ""make_offset"": 0, ""make_portion"": 0.9, ""maker_mode"": ""improve_1"", ""min_take_edge"": 1, ""position_target"": 20, ""pressure_mode"": ""long_bias"", ""quote_bias_ticks"": 0, ""size_haircut"": 1.0, ""skew_strength"": 1, ""soft_cap"": 75, ""spread_threshold"": 3}",improve_1,0,1,0.9,75,1,0.7,0.3,long_bias,0,1.0,3,20,
40,-1,True,51932.0,51932.0,"{""ask_frac"": 0.3, ""bid_frac"": 0.7, ""long_take_edge"": null, ""make_offset"": 0, ""make_portion"": 0.9, ""maker_mode"": ""improve_1"", ""min_take_edge"": 1, ""position_target"": 40, ""pressure_mode"": ""long_bias"", ""quote_bias_ticks"": 0, ""size_haircut"": 1.0, ""skew_strength"": 1, ""soft_cap"": 75, ""spread_threshold"": 3}",improve_1,0,1,0.9,75,1,0.7,0.3,long_bias,0,1.0,3,40,
40,-2,True,48797.0,48797.0,"{""ask_frac"": 0.3, ""bid_frac"": 0.7, ""long_take_edge"": null, ""make_offset"": 0, ""make_portion"": 0.9, ""maker_mode"": ""improve_1"", ""min_take_edge"": 1, ""position_target"": 40, ""pressure_mode"": ""long_bias"", ""quote_bias_ticks"": 0, ""size_haircut"": 1.0, ""skew_strength"": 1, ""soft_cap"": 75, ""spread_threshold"": 3}",improve_1,0,1,0.9,75,1,0.7,0.3,long_bias,0,1.0,3,40,
40,0,True,53149.0,53149.0,"{""ask_frac"": 0.3, ""bid_frac"": 0.7, ""long_take_edge"": null, ""make_offset"": 0, ""make_portion"": 0.9, ""maker_mode"": ""improve_1"", ""min_take_edge"": 1, ""position_target"": 40, ""pressure_mode"": ""long_bias"", ""quote_bias_ticks"": 0, ""size_haircut"": 1.0, ""skew_strength"": 1, ""soft_cap"": 75, ""spread_threshold"": 3}",improve_1,0,1,0.9,75,1,0.7,0.3,long_bias,0,1.0,3,40,
41,0,True,31904.0,31904.0,"{""ask_frac"": 0.3, ""bid_frac"": 0.7, ""long_take_edge"": null, ""make_offset"": 1, ""make_portion"": 0.9, ""maker_mode"": ""improve_1"", ""min_take_edge"": 1, ""position_target"": 0, ""pressure_mode"": ""long_bias"", ""quote_bias_ticks"": 1, ""size_haircut"": 1.0, ""skew_strength"": 0, ""soft_cap"": 75, ""spread_threshold"": 3}",improve_1,1,1,0.9,75,0,0.7,0.3,long_bias,1,1.0,3,0,
41,-2,True,54608.0,54608.0,"{""ask_frac"": 0.3, ""bid_frac"": 0.7, ""long_take_edge"": null, ""make_offset"": 1, ""make_portion"": 0.9, ""maker_mode"": ""improve_1"", ""min_take_edge"": 1, ""position_target"": 0, ""pressure_mode"": ""long_bias"", ""quote_bias_ticks"": 1, ""size_haircut"": 1.0, ""skew_strength"": 0, ""soft_cap"": 75, ""spread_threshold"": 3}",improve_1,1,1,0.9,75,0,0.7,0.3,long_bias,1,1.0,3,0,
41,-1,True,41631.0,41631.0,"{""ask_frac"": 0.3, ""bid_frac"": 0.7, ""long_take_edge"": null, ""make_offset"": 1, ""make_portion"": 0.9, ""maker_mode"": ""improve_1"", ""min_take_edge"": 1, ""position_target"": 0, ""pressure_mode"": ""long_bias"", ""quote_bias_ticks"": 1, ""size_haircut"": 1.0, ""skew_strength"": 0, ""soft_cap"": 75, ""spread_threshold"": 3}",improve_1,1,1,0.9,75,0,0.7,0.3,long_bias,1,1.0,3,0,
42,-2,True,73913.0,73913.0,"{""ask_frac"": 0.3, ""bid_frac"": 0.7, ""long_take_edge"": null, ""make_offset"": 1, ""make_portion"": 0.9, ""maker_mode"": ""improve_1"", ""min_take_edge"": 1, ""position_target"": 0, ""pressure_mode"": ""long_bias"", ""quote_bias_ticks"": 2, ""size_haircut"": 1.0, ""skew_strength"": 0, ""soft_cap"": 75, ""spread_threshold"": 3}",improve_1,1,1,0.9,75,0,0.7,0.3,long_bias,2,1.0,3,0,
42,-1,True,72591.0,72591.0,"{""ask_frac"": 0.3, ""bid_frac"": 0.7, ""long_take_edge"": null, ""make_offset"": 1, ""make_portion"": 0.9, ""maker_mode"": ""improve_1"", ""min_take_edge"": 1, ""position_target"": 0, ""pressure_mode"": ""long_bias"", ""quote_bias_ticks"": 2, ""size_haircut"": 1.0, ""skew_strength"": 0, ""soft_cap"": 75, ""spread_threshold"": 3}",improve_1,1,1,0.9,75,0,0.7,0.3,long_bias,2,1.0,3,0,
42,0,True,75370.0,75370.0,"{""ask_frac"": 0.3, ""bid_frac"": 0.7, ""long_take_edge"": null, ""make_offset"": 1, ""make_portion"": 0.9, ""maker_mode"": ""improve_1"", ""min_take_edge"": 1, ""position_target"": 0, ""pressure_mode"": ""long_bias"", ""quote_bias_ticks"": 2, ""size_haircut"": 1.0, ""skew_strength"": 0, ""soft_cap"": 75, ""spread_threshold"": 3}",improve_1,1,1,0.9,75,0,0.7,0.3,long_bias,2,1.0,3,0,
